city,region,link
Abilene,North America,http://uber.com/cities/abilene
Akron,North America,http://uber.com/cities/akron
Albuquerque,North America,http://uber.com/cities/albuquerque
Amarillo,North America,http://uber.com/cities/amarillo
Ames,North America,http://uber.com/cities/ames
Ann Arbor,North America,http://uber.com/cities/ann-arbor
"Asheville, NC",North America,http://uber.com/cities/asheville-nc
Athens,North America,http://uber.com/cities/athens
Atlanta,North America,http://uber.com/cities/atlanta
Augusta,North America,http://uber.com/cities/augusta
Austin,North America,http://uber.com/cities/austin
Bakersfield,North America,http://uber.com/cities/bakersfield
Baltimore,North America,http://uber.com/cities/baltimore
Baton Rouge,North America,http://uber.com/cities/baton-rouge
Bellingham,North America,http://uber.com/cities/bellingham
"Birmingham, AL",North America,http://uber.com/cities/birmingham-al
Boise,North America,http://uber.com/cities/boise
Boston,North America,http://uber.com/cities/boston
"Bowling Green, KY",North America,http://uber.com/cities/bowling-green-ky
Burlington,North America,http://uber.com/cities/burlington
Cedar Rapids,North America,http://uber.com/cities/cedar-rapids
"Central Atlantic Coast, FL",North America,http://uber.com/cities/daytona-beach
Champaign,North America,http://uber.com/cities/champaign
"Charleston, SC",North America,http://uber.com/cities/charleston
Charlotte,North America,http://uber.com/cities/charlotte
Charlottesville-Harrisonburg,North America,http://uber.com/cities/charlottesville-va
Chattanooga,North America,http://uber.com/cities/chattanooga
Chicago,North America,http://uber.com/cities/chicago
Cincinnati,North America,http://uber.com/cities/cincinnati
Cleveland,North America,http://uber.com/cities/cleveland
Coeur D'Alene,North America,http://uber.com/cities/coeur-dalene
College Station,North America,http://uber.com/cities/college-station
"Columbia, MO",North America,http://uber.com/cities/columbia-mo
"Columbia, SC",North America,http://uber.com/cities/columbia
Columbus,North America,http://uber.com/cities/columbus
Connecticut,North America,http://uber.com/cities/connecticut
Corpus Christi,North America,http://uber.com/cities/corpus-christi
Dallas-Fort Worth,North America,http://uber.com/cities/dallas
Dayton,North America,http://uber.com/cities/dayton
Delaware,North America,http://uber.com/cities/wilmington-de
Denver,North America,http://uber.com/cities/denver
Des Moines,North America,http://uber.com/cities/des-moines
Detroit,North America,http://uber.com/cities/detroit
Eastern Idaho,North America,http://uber.com/cities/eastern-idaho
Eastern North Carolina,North America,http://uber.com/cities/eastern-north-carolina
Edmonton,North America,http://uber.com/cities/edmonton
El Paso,North America,http://uber.com/cities/el-paso
Erie,North America,http://uber.com/cities/erie
Fargo,North America,http://uber.com/cities/fargo
"Fayetteville, AR",North America,http://uber.com/cities/fayetteville-ar
"Fayetteville, NC",North America,http://uber.com/cities/fayetteville
Flagstaff,North America,http://uber.com/cities/flagstaff
Flint,North America,http://uber.com/cities/flint
Florida Keys,North America,http://uber.com/cities/florida-keys
Fort Myers-Naples,North America,http://uber.com/cities/fort-myers
Fort Wayne,North America,http://uber.com/cities/fort-wayne
Fresno,North America,http://uber.com/cities/fresno
Gainesville,North America,http://uber.com/cities/gainesville
Georgia Coast,North America,http://uber.com/cities/georgia-coast
Grand Rapids,North America,http://uber.com/cities/grand-rapids
Greater Maine,North America,http://uber.com/cities/maine
Greater Maryland,North America,http://uber.com/cities/annapolis
Green Bay,North America,http://uber.com/cities/green-bay
"Greenville, SC",North America,http://uber.com/cities/greenville-sc
Guadalajara,North America,http://uber.com/cities/guadalajara
Halifax,North America,http://uber.com/cities/halifax
Hamilton,North America,http://uber.com/cities/hamilton
Hampton Roads,North America,http://uber.com/cities/virginia-beach
Harrisburg,North America,http://uber.com/cities/harrisburg
Honolulu,North America,http://uber.com/cities/honolulu
Houston,North America,http://uber.com/cities/houston
Indianapolis,North America,http://uber.com/cities/indianapolis
Inland Empire,North America,http://uber.com/cities/inland-empire
Jackson,North America,http://uber.com/cities/jackson
Jacksonville,North America,http://uber.com/cities/jacksonville
Kalamazoo,North America,http://uber.com/cities/kalamazoo
Kansas City,North America,http://uber.com/cities/kansas-city
Killeen,North America,http://uber.com/cities/killeen
Kingston,North America,http://uber.com/cities/kingston
Kitchener-Waterloo,North America,http://uber.com/cities/kitchenerwaterloo
Knoxville,North America,http://uber.com/cities/knoxville
"Lafayette, LA",North America,http://uber.com/cities/lafayette-la
"Lancaster, PA",North America,http://uber.com/cities/lancaster-pa
Lansing,North America,http://uber.com/cities/lansing
Las Cruces,North America,http://uber.com/cities/las-cruces
Las Vegas,North America,http://uber.com/cities/las-vegas
Lawrence,North America,http://uber.com/cities/lawrence
Lehigh Valley,North America,http://uber.com/cities/allentown
Leon,North America,http://uber.com/cities/leon
Lexington,North America,http://uber.com/cities/lexington
Lincoln,North America,http://uber.com/cities/lincoln
Little Rock,North America,http://uber.com/cities/little-rock
"London, Ont",North America,http://uber.com/cities/london-ont
Los Angeles,North America,http://uber.com/cities/los-angeles
Louisville,North America,http://uber.com/cities/louisville
Lubbock,North America,http://uber.com/cities/lubbock
Madison,North America,http://uber.com/cities/madison
Manhattan,North America,http://uber.com/cities/manhattan
Maui,North America,http://uber.com/cities/maui
Memphis,North America,http://uber.com/cities/memphis
Mexico City,North America,http://uber.com/cities/mexico-city
Miami,North America,http://uber.com/cities/miami
Midland,North America,http://uber.com/cities/midland
Milwaukee,North America,http://uber.com/cities/milwaukee
Minneapolis - St. Paul,North America,http://uber.com/cities/minneapolis
"Mobile, AL",North America,http://uber.com/cities/mobile-al
Modesto,North America,http://uber.com/cities/modesto
Monterrey,North America,http://uber.com/cities/monterrey
Montreal,North America,http://uber.com/cities/montreal
Myrtle Beach,North America,http://uber.com/cities/myrtle-beach
NW Indiana,North America,http://uber.com/cities/nw-indiana
Nashville,North America,http://uber.com/cities/nashville
New Hampshire,North America,http://uber.com/cities/manchester-nh
New Jersey,North America,http://uber.com/cities/new-jersey
New Jersey (Shore),North America,http://uber.com/cities/new-jersey-shore
New Orleans,North America,http://uber.com/cities/new-orleans
New York City,North America,http://uber.com/cities/new-york
Niagara Region,North America,http://uber.com/cities/niagara-region
"Ocala, FL",North America,http://uber.com/cities/ocala-fl
Oklahoma City,North America,http://uber.com/cities/oklahoma-city
Omaha,North America,http://uber.com/cities/omaha
Orange County,North America,http://uber.com/cities/orange-county
Orlando,North America,http://uber.com/cities/orlando
Ottawa,North America,http://uber.com/cities/ottawa
"Outer Banks, NC",North America,http://uber.com/cities/outer-banks-nc
Oxford,North America,http://uber.com/cities/oxford
Palm Springs,North America,http://uber.com/cities/palm-springs
"Pensacola, FL",North America,http://uber.com/cities/pensacola-fl
Peoria & Bloomington-Normal,North America,http://uber.com/cities/peoria-il
Philadelphia,North America,http://uber.com/cities/philadelphia
Phoenix,North America,http://uber.com/cities/phoenix
"Piedmont Triad, NC",North America,http://uber.com/cities/greensboro
Pittsburgh,North America,http://uber.com/cities/pittsburgh
Portland,North America,http://uber.com/cities/portland
"Portland, ME",North America,http://uber.com/cities/portland-me
Puebla,North America,http://uber.com/cities/puebla
Quad Cities,North America,http://uber.com/cities/quad-cities
Quebec City,North America,http://uber.com/cities/quebec-city
Queretaro,North America,http://uber.com/cities/queretaro
Raleigh-Durham,North America,http://uber.com/cities/raleigh
"Reading, PA",North America,http://uber.com/cities/reading-pa
Reno,North America,http://uber.com/cities/reno
Rhode Island,North America,http://uber.com/cities/providence
Richmond,North America,http://uber.com/cities/richmond
Roanoke-Blacksburg,North America,http://uber.com/cities/roanoke
Rockford,North America,http://uber.com/cities/rockford
Sacramento,North America,http://uber.com/cities/sacramento
Salt Lake City,North America,http://uber.com/cities/salt-lake-city
San Antonio,North America,http://uber.com/cities/san-antonio
San Diego,North America,http://uber.com/cities/san-diego
San Francisco Bay Area,North America,http://uber.com/cities/san-francisco
San Luis Obispo,North America,http://uber.com/cities/san-luis-obispo
Santa Barbara,North America,http://uber.com/cities/santa-barbara
Santa Fe,North America,http://uber.com/cities/santa-fe
Sarasota,North America,http://uber.com/cities/sarasota
Savannah-Hilton Head,North America,http://uber.com/cities/savannah
Seattle,North America,http://uber.com/cities/seattle
South Bend,North America,http://uber.com/cities/south-bend
Spokane,North America,http://uber.com/cities/spokane
"Springfield, IL",North America,http://uber.com/cities/springfield-il
St Louis,North America,http://uber.com/cities/st-louis
State College,North America,http://uber.com/cities/state-college
Stillwater,North America,http://uber.com/cities/stillwater
Tacoma,North America,http://uber.com/cities/tacoma
Tallahassee,North America,http://uber.com/cities/tallahassee
Tampa Bay,North America,http://uber.com/cities/tampa
Taos,North America,http://uber.com/cities/taos
Tijuana,North America,http://uber.com/cities/tijuana
Toledo,North America,http://uber.com/cities/toledo
Toluca,North America,http://uber.com/cities/toluca
Topeka,North America,http://uber.com/cities/topeka
Toronto,North America,http://uber.com/cities/toronto
Tucson,North America,http://uber.com/cities/tucson
Tulsa,North America,http://uber.com/cities/tulsa
Tuscaloosa,North America,http://uber.com/cities/tuscaloosa
"Vancouver, WA",North America,http://uber.com/cities/vancouver-wa
Ventura,North America,http://uber.com/cities/ventura
Waco,North America,http://uber.com/cities/waco
Washington D.C.,North America,http://uber.com/cities/washington-dc
Western MA,North America,http://uber.com/cities/springfield-ma
Wichita,North America,http://uber.com/cities/wichita
Wilkes-Barre Scranton,North America,http://uber.com/cities/wilkesbarre-scranton
"Wilmington, NC",North America,http://uber.com/cities/wilmington-nc
Windsor,North America,http://uber.com/cities/windsor
Worcester,North America,http://uber.com/cities/worcester
Yuma,North America,http://uber.com/cities/yuma
the Hamptons,North America,http://uber.com/cities/hamptons
Barranquilla,Central & South America,http://uber.com/cities/barranquilla
Belo Horizonte,Central & South America,http://uber.com/cities/belo-horizonte
Bogotá,Central & South America,http://uber.com/cities/bogota
Brasilia,Central & South America,http://uber.com/cities/brasilia
Bucaramanga,Central & South America,http://uber.com/cities/bucaramanga
Cali - Colombia,Central & South America,http://uber.com/cities/cali
Campinas,Central & South America,http://uber.com/cities/campinas
Cartagena,Central & South America,http://uber.com/cities/cartagena
Cucuta,Central & South America,http://uber.com/cities/cucuta
Ibagué,Central & South America,http://uber.com/cities/ibague
Lima,Central & South America,http://uber.com/cities/lima
Medellín,Central & South America,http://uber.com/cities/medellin
Montevideo,Central & South America,http://uber.com/cities/montevideo
"Panama, Panama",Central & South America,http://uber.com/cities/panama-city
Porto Alegre,Central & South America,http://uber.com/cities/porto-alegre
Rio De Janeiro,Central & South America,http://uber.com/cities/rio-de-janeiro
"San Jose, Costa Rica",Central & South America,http://uber.com/cities/san-jose
Santiago,Central & South America,http://uber.com/cities/santiago
Santo Domingo,Central & South America,http://uber.com/cities/santo-domingo
São Paulo,Central & South America,http://uber.com/cities/sao-paulo
Villavicencio,Central & South America,http://uber.com/cities/villavicencio
Abu Dhabi,"Europe, Middle East & Africa",http://uber.com/cities/abu-dhabi
Alexandria,"Europe, Middle East & Africa",http://uber.com/cities/alexandria
Amman,"Europe, Middle East & Africa",http://uber.com/cities/amman
Amsterdam,"Europe, Middle East & Africa",http://uber.com/cities/amsterdam
"Athens, GR","Europe, Middle East & Africa",http://uber.com/cities/athens-gr
Baku,"Europe, Middle East & Africa",http://uber.com/cities/baku
Basel,"Europe, Middle East & Africa",http://uber.com/cities/basel
Beirut,"Europe, Middle East & Africa",http://uber.com/cities/beirut
Belfast,"Europe, Middle East & Africa",http://uber.com/cities/belfast
Berlin,"Europe, Middle East & Africa",http://uber.com/cities/berlin
"Birmingham, UK","Europe, Middle East & Africa",http://uber.com/cities/birmingham
Bordeaux,"Europe, Middle East & Africa",http://uber.com/cities/bordeaux
Bratislava,"Europe, Middle East & Africa",http://uber.com/cities/bratislava
Bristol,"Europe, Middle East & Africa",http://uber.com/cities/bristol
Brussels,"Europe, Middle East & Africa",http://uber.com/cities/brussels
Bucharest,"Europe, Middle East & Africa",http://uber.com/cities/bucharest
Budapest,"Europe, Middle East & Africa",http://uber.com/cities/budapest
Cairo,"Europe, Middle East & Africa",http://uber.com/cities/cairo
Cape Town,"Europe, Middle East & Africa",http://uber.com/cities/cape-town
Casablanca,"Europe, Middle East & Africa",http://uber.com/cities/casablanca
Copenhagen,"Europe, Middle East & Africa",http://uber.com/cities/copenhagen
Doha,"Europe, Middle East & Africa",http://uber.com/cities/doha
Dubai,"Europe, Middle East & Africa",http://uber.com/cities/dubai
Dublin,"Europe, Middle East & Africa",http://uber.com/cities/dublin
Durban,"Europe, Middle East & Africa",http://uber.com/cities/durban
"Eastern Province, KSA","Europe, Middle East & Africa",http://uber.com/cities/dammam
Edinburgh,"Europe, Middle East & Africa",http://uber.com/cities/edinburgh
Ekaterinburg,"Europe, Middle East & Africa",http://uber.com/cities/yekaterinburg
Florence,"Europe, Middle East & Africa",http://uber.com/cities/florence
Geneva,"Europe, Middle East & Africa",http://uber.com/cities/geneva
Genoa,"Europe, Middle East & Africa",http://uber.com/cities/genoa
Glasgow,"Europe, Middle East & Africa",http://uber.com/cities/glasgow-uk
Gothenburg,"Europe, Middle East & Africa",http://uber.com/cities/gothenburg
Helsinki,"Europe, Middle East & Africa",http://uber.com/cities/helsinki
Istanbul,"Europe, Middle East & Africa",http://uber.com/cities/istanbul
Jeddah,"Europe, Middle East & Africa",http://uber.com/cities/jeddah
Johannesburg,"Europe, Middle East & Africa",http://uber.com/cities/johannesburg
Kazan,"Europe, Middle East & Africa",http://uber.com/cities/kazan
Krakow,"Europe, Middle East & Africa",http://uber.com/cities/krakow
Lagos,"Europe, Middle East & Africa",http://uber.com/cities/lagos
Lausanne,"Europe, Middle East & Africa",http://uber.com/cities/lausanne
Leeds,"Europe, Middle East & Africa",http://uber.com/cities/leeds
Lille,"Europe, Middle East & Africa",http://uber.com/cities/lille
Lisbon,"Europe, Middle East & Africa",http://uber.com/cities/lisbon
London,"Europe, Middle East & Africa",http://uber.com/cities/london
Lyon,"Europe, Middle East & Africa",http://uber.com/cities/lyon
Madrid,"Europe, Middle East & Africa",http://uber.com/cities/madrid
Manama,"Europe, Middle East & Africa",http://uber.com/cities/manama
Manchester,"Europe, Middle East & Africa",http://uber.com/cities/manchester
Marseille,"Europe, Middle East & Africa",http://uber.com/cities/marseille
Merseyside,"Europe, Middle East & Africa",http://uber.com/cities/liverpool
Milan,"Europe, Middle East & Africa",http://uber.com/cities/milano
Minsk,"Europe, Middle East & Africa",http://uber.com/cities/minsk
Moscow,"Europe, Middle East & Africa",http://uber.com/cities/moscow
Munich,"Europe, Middle East & Africa",http://uber.com/cities/munich
Nairobi,"Europe, Middle East & Africa",http://uber.com/cities/nairobi
Nantes,"Europe, Middle East & Africa",http://uber.com/cities/nantes
Newcastle,"Europe, Middle East & Africa",http://uber.com/cities/newcastle-uk
Nice,"Europe, Middle East & Africa",http://uber.com/cities/cannes
Novosibirsk,"Europe, Middle East & Africa",http://uber.com/cities/novosibirsk
Oslo,"Europe, Middle East & Africa",http://uber.com/cities/oslo
Paris,"Europe, Middle East & Africa",http://uber.com/cities/paris
Port Elizabeth,"Europe, Middle East & Africa",http://uber.com/cities/port-elizabeth
Porto,"Europe, Middle East & Africa",http://uber.com/cities/porto
Portsmouth,"Europe, Middle East & Africa",http://uber.com/cities/portsmouth
Poznan,"Europe, Middle East & Africa",http://uber.com/cities/poznan
Prague,"Europe, Middle East & Africa",http://uber.com/cities/prague
Riyadh,"Europe, Middle East & Africa",http://uber.com/cities/riyadh
Rome,"Europe, Middle East & Africa",http://uber.com/cities/rome
Rostov-On-Don,"Europe, Middle East & Africa",http://uber.com/cities/rostovondon
Rotterdam,"Europe, Middle East & Africa",http://uber.com/cities/rotterdam
Saint Petersburg,"Europe, Middle East & Africa",http://uber.com/cities/saint-petersburg
Sheffield,"Europe, Middle East & Africa",http://uber.com/cities/sheffield
Sochi,"Europe, Middle East & Africa",http://uber.com/cities/sochi
Sofia,"Europe, Middle East & Africa",http://uber.com/cities/sofia
Stockholm,"Europe, Middle East & Africa",http://uber.com/cities/stockholm
Strasbourg,"Europe, Middle East & Africa",http://uber.com/cities/strasbourg
Tallinn,"Europe, Middle East & Africa",http://uber.com/cities/tallinn
Tel Aviv,"Europe, Middle East & Africa",http://uber.com/cities/tel-aviv
Toulouse,"Europe, Middle East & Africa",http://uber.com/cities/toulouse
Trojmiasto,"Europe, Middle East & Africa",http://uber.com/cities/gdansk
Vienna,"Europe, Middle East & Africa",http://uber.com/cities/vienna
Vilnius,"Europe, Middle East & Africa",http://uber.com/cities/vilnius
Warsaw,"Europe, Middle East & Africa",http://uber.com/cities/warsaw
Wroclaw,"Europe, Middle East & Africa",http://uber.com/cities/wroclaw
Zagreb,"Europe, Middle East & Africa",http://uber.com/cities/zagreb
Zurich,"Europe, Middle East & Africa",http://uber.com/cities/zurich
Adelaide,Asia Pacific,http://uber.com/cities/adelaide
Ahmedabad,Asia Pacific,http://uber.com/cities/ahmedabad
Ajmer,Asia Pacific,http://uber.com/cities/ajmer
Auckland,Asia Pacific,http://uber.com/cities/auckland
Bali,Asia Pacific,http://uber.com/cities/bali
Bandung,Asia Pacific,http://uber.com/cities/bandung
Bangalore,Asia Pacific,http://uber.com/cities/bangalore
Bangkok,Asia Pacific,http://uber.com/cities/bangkok
Beijing,Asia Pacific,http://uber.com/cities/beijing
Bhubaneswar,Asia Pacific,http://uber.com/cities/bhubaneswar
Brisbane,Asia Pacific,http://uber.com/cities/brisbane
Canberra,Asia Pacific,http://uber.com/cities/canberra
Cebu,Asia Pacific,http://uber.com/cities/cebu
Chandigarh,Asia Pacific,http://uber.com/cities/chandigarh
Changsha,Asia Pacific,http://uber.com/cities/changsha
Chengdu,Asia Pacific,http://uber.com/cities/chengdu
Chennai,Asia Pacific,http://uber.com/cities/chennai
Chongqing,Asia Pacific,http://uber.com/cities/chongqing
Coimbatore,Asia Pacific,http://uber.com/cities/coimbatore
Colombo,Asia Pacific,http://uber.com/cities/colombo
Dalian,Asia Pacific,http://uber.com/cities/dalian
Foshan,Asia Pacific,http://uber.com/cities/foshan
Geelong,Asia Pacific,http://uber.com/cities/geelong
Gold Coast,Asia Pacific,http://uber.com/cities/gold-coast
Guangzhou,Asia Pacific,http://uber.com/cities/guangzhou
Guiyang,Asia Pacific,http://uber.com/cities/guiyang
Guwahati,Asia Pacific,http://uber.com/cities/guwahati
Hangzhou,Asia Pacific,http://uber.com/cities/hangzhou
Hanoi,Asia Pacific,http://uber.com/cities/hanoi
Ho Chi Minh City,Asia Pacific,http://uber.com/cities/ho-chi-minh-city
Hong Kong,Asia Pacific,http://uber.com/cities/hong-kong
Hyderabad,Asia Pacific,http://uber.com/cities/hyderabad
Incheon,Asia Pacific,http://uber.com/cities/incheon
Indore,Asia Pacific,http://uber.com/cities/indore
Jaipur,Asia Pacific,http://uber.com/cities/jaipur
Jakarta,Asia Pacific,http://uber.com/cities/jakarta
Jinan,Asia Pacific,http://uber.com/cities/jinan
Jodhpur,Asia Pacific,http://uber.com/cities/jodhpur
Johor Bahru,Asia Pacific,http://uber.com/cities/johor-bahru
Kochi,Asia Pacific,http://uber.com/cities/kochi
Kolkata,Asia Pacific,http://uber.com/cities/kolkata
Kuala Lumpur,Asia Pacific,http://uber.com/cities/kuala-lumpur
Macau,Asia Pacific,http://uber.com/cities/macau
Mangalore,Asia Pacific,http://uber.com/cities/mangalore
Manila,Asia Pacific,http://uber.com/cities/manila
Melbourne,Asia Pacific,http://uber.com/cities/melbourne
Mornington Peninsula,Asia Pacific,http://uber.com/cities/mornington-peninsula
Mumbai,Asia Pacific,http://uber.com/cities/mumbai
Mysore,Asia Pacific,http://uber.com/cities/mysore
Nagpur,Asia Pacific,http://uber.com/cities/nagpur
Nanjing,Asia Pacific,http://uber.com/cities/nanjing
Nashik,Asia Pacific,http://uber.com/cities/nashik
New Delhi,Asia Pacific,http://uber.com/cities/new-delhi
Ningbo,Asia Pacific,http://uber.com/cities/ningbo
Penang,Asia Pacific,http://uber.com/cities/penang
Perth,Asia Pacific,http://uber.com/cities/perth
Pune,Asia Pacific,http://uber.com/cities/pune
Qingdao,Asia Pacific,http://uber.com/cities/qingdao
Seoul,Asia Pacific,http://uber.com/cities/seoul
Shanghai,Asia Pacific,http://uber.com/cities/shanghai
Shenzhen,Asia Pacific,http://uber.com/cities/shenzhen
Singapore,Asia Pacific,http://uber.com/cities/singapore
Sunshine Coast,Asia Pacific,http://uber.com/cities/sunshine-coast
Surabaya,Asia Pacific,http://uber.com/cities/surabaya
Surat,Asia Pacific,http://uber.com/cities/surat
Suzhou,Asia Pacific,http://uber.com/cities/suzhou
Sydney,Asia Pacific,http://uber.com/cities/sydney
Taichung,Asia Pacific,http://uber.com/cities/taichung
Taipei,Asia Pacific,http://uber.com/cities/taipei
Thiruvananthapuram,Asia Pacific,http://uber.com/cities/thiruvananthapuram
Tianjin,Asia Pacific,http://uber.com/cities/tianjin
Tokyo,Asia Pacific,http://uber.com/cities/tokyo
Udaipur,Asia Pacific,http://uber.com/cities/udaipur
Vadodara,Asia Pacific,http://uber.com/cities/vadodara
Visakhapatnam,Asia Pacific,http://uber.com/cities/visakhapatnam
Wellington,Asia Pacific,http://uber.com/cities/wellington
Wuhan,Asia Pacific,http://uber.com/cities/wuhan
Xi'An,Asia Pacific,http://uber.com/cities/xian
Xiamen,Asia Pacific,http://uber.com/cities/xiamen
Yantai,Asia Pacific,http://uber.com/cities/yantai
